Date,spy,bull score,bear score
2017-07-03,228.5892791748047,0.3333333333333333,0.0
2017-07-05,229.11776733398438,0.4,0.0
2017-07-06,227.02261352539062,0.16666666666666666,0.16666666666666666
2017-07-07,228.49488830566406,0.3333333333333333,0.0
2017-07-10,228.74026489257812,0.0,0.0
2017-07-11,228.57040405273438,0.25,0.0625
2017-07-12,230.2880401611328,0.0,0.0
2017-07-13,230.6749725341797,0.07142857142857142,0.07142857142857142
2017-07-14,231.75088500976562,0.0,0.07692307692307693
2017-07-17,231.72256469726562,0.0,0.0
2017-07-18,231.84524536132812,0.125,0.0625
2017-07-19,233.1004638671875,0.07692307692307693,0.07692307692307693
2017-07-20,233.20425415039062,0.2,0.06666666666666667
2017-07-21,232.9966583251953,0.3076923076923077,0.07692307692307693
2017-07-24,232.94003295898438,0.0625,0.1875
2017-07-25,233.50628662109375,0.0,0.05555555555555555
2017-07-26,233.51573181152344,0.07692307692307693,0.07692307692307693
2017-07-27,233.2986297607422,0.13333333333333333,0.0
2017-07-28,233.02496337890625,0.2222222222222222,0.0
2017-07-31,232.89283752441406,0.0,0.0
2017-08-01,233.41192626953125,0.0,0.1
2017-08-02,233.52516174316406,0.2857142857142857,0.0
2017-08-03,233.07215881347656,0.26666666666666666,0.0
2017-08-04,233.4968719482422,0.2857142857142857,0.14285714285714285
2017-08-07,233.93096923828125,0.14285714285714285,0.0
2017-08-08,233.35525512695312,0.3,0.0
2017-08-09,233.3458251953125,0.18181818181818182,0.18181818181818182
2017-08-10,230.05210876464844,0.14285714285714285,0.14285714285714285
2017-08-11,230.39183044433594,0.0,0.0
2017-08-14,232.67575073242188,0.0,0.5
2017-08-15,232.64744567871094,0.4,0.0
2017-08-16,233.0532684326172,0.16666666666666666,0.0
2017-08-17,229.41976928710938,0.0,0.6666666666666666
2017-08-18,229.0611572265625,0.0,0.0
2017-08-21,229.2404327392578,0.0,0.3333333333333333
2017-08-22,231.63760375976562,0.0,0.0
2017-08-23,230.80714416503906,0.16666666666666666,0.3333333333333333
2017-08-24,230.26918029785156,0.1111111111111111,0.0
2017-08-25,230.80714416503906,0.0,0.0
2017-08-28,230.8165740966797,0.5,0.0
2017-08-29,231.080810546875,0.0,0.2
2017-08-30,232.17555236816406,0.5,0.0
2017-08-31,233.57235717773438,0.3333333333333333,0.2222222222222222
2017-09-01,233.9026641845703,0.0,0.25
2017-09-05,232.22274780273438,0.0,0.0
2017-09-06,233.0155029296875,0.5714285714285714,0.14285714285714285
2017-09-07,232.98721313476562,0.0,0.2
2017-09-08,232.71351623535156,0.0,0.0
2017-09-11,235.19561767578125,0.0,0.25
2017-09-12,235.98837280273438,0.25,0.0
2017-09-13,236.1016387939453,0.2,0.2
2017-09-14,236.02613830566406,0.4444444444444444,0.0
2017-09-15,236.34385681152344,0.6,0.0
2017-09-18,236.84652709960938,0.1111111111111111,0.0
2017-09-19,237.08364868164062,0.375,0.0
2017-09-20,237.16900634765625,0.3076923076923077,0.0
2017-09-21,236.53355407714844,0.16666666666666666,0.0
2017-09-22,236.5809783935547,0.0,0.3333333333333333
2017-09-25,236.09725952148438,0.5,0.16666666666666666
2017-09-26,236.2395477294922,0.0,0.0
2017-09-27,237.15953063964844,0.42857142857142855,0.0
2017-09-28,237.44406127929688,0.2,0.2
2017-09-29,238.27870178222656,0.2222222222222222,0.1111111111111111
2017-10-02,239.31251525878906,0.125,0.0
2017-10-03,239.82464599609375,0.0,0.0
2017-10-04,240.10923767089844,0.3333333333333333,0.16666666666666666
2017-10-05,241.5319061279297,0.45454545454545453,0.0
2017-10-06,241.25680541992188,0.0,0.0
2017-10-09,240.85848999023438,0.0,0.2
2017-10-10,241.49392700195312,0.1111111111111111,0.1111111111111111
2017-10-11,241.8733367919922,0.0,0.1
2017-10-12,241.5128936767578,0.17647058823529413,0.058823529411764705
2017-10-13,241.80694580078125,0.0,0.0
2017-10-16,242.12940979003906,0.3333333333333333,0.0
2017-10-17,242.3001251220703,0.42857142857142855,0.14285714285714285
2017-10-18,242.5372314453125,0.08333333333333333,0.16666666666666666
2017-10-19,242.60362243652344,0.0,0.2
2017-10-20,243.85556030273438,0.16666666666666666,0.0
2017-10-23,242.90711975097656,0.0,0.0
2017-10-24,243.33392333984375,0.1111111111111111,0.0
2017-10-25,242.12940979003906,0.3125,0.0625
2017-10-26,242.44239807128906,0.375,0.0
2017-10-27,244.4246368408203,0.14285714285714285,0.0
2017-10-30,243.51412963867188,0.08333333333333333,0.0
2017-10-31,243.8934783935547,0.2,0.0
2017-11-01,244.21597290039062,0.1111111111111111,0.0
2017-11-02,244.3108367919922,0.09090909090909091,0.18181818181818182
2017-11-03,245.1265106201172,0.23529411764705882,0.0
2017-11-06,245.50588989257812,0.0,0.1111111111111111
2017-11-07,245.3351593017578,0.0,0.0
2017-11-08,245.75244140625,0.1111111111111111,0.0
2017-11-09,244.86094665527344,0.16666666666666666,0.0
2017-11-10,244.7850341796875,0.0,0.0
2017-11-13,245.01268005371094,0.14285714285714285,0.42857142857142855
2017-11-14,244.44361877441406,0.16666666666666666,0.16666666666666666
2017-11-15,243.22012329101562,0.0,0.0
2017-11-16,245.28775024414062,0.5,0.0
2017-11-17,244.56689453125,0.5,0.16666666666666666
2017-11-20,244.9842071533203,0.0,0.125
2017-11-21,246.58709716796875,0.29411764705882354,0.058823529411764705
2017-11-22,246.36900329589844,0.4444444444444444,0.0
2017-11-24,246.93801879882812,0.0,0.0
2017-11-27,246.81472778320312,0.14285714285714285,0.07142857142857142
2017-11-28,249.31863403320312,0.2857142857142857,0.07142857142857142
2017-11-29,249.1669158935547,0.3,0.1
2017-11-30,251.34832763671875,0.3333333333333333,0.0
2017-12-01,250.82667541503906,0.11764705882352941,0.058823529411764705
2017-12-04,250.523193359375,0.45454545454545453,0.0
2017-12-05,249.62213134765625,0.0,0.08333333333333333
2017-12-06,249.6696014404297,0.0,0.0
2017-12-07,250.45677185058594,0.25,0.0
2017-12-08,251.8225860595703,0.25,0.25
2017-12-11,252.581298828125,0.0,0.0
2017-12-12,253.0270538330078,0.18181818181818182,0.18181818181818182
2017-12-13,252.9986572265625,0.0,0.3333333333333333
2017-12-14,251.96485900878906,0.0,0.0
2017-12-15,254.0630645751953,0.0,0.0
2017-12-18,255.6741180419922,0.09090909090909091,0.09090909090909091
2017-12-19,254.6922149658203,0.1111111111111111,0.1111111111111111
2017-12-20,254.55873107910156,0.06666666666666667,0.3333333333333333
2017-12-21,255.08303833007812,0.3,0.0
2017-12-22,255.0163116455078,0.0,0.0
2017-12-26,254.71128845214844,0.5,0.0
2017-12-27,254.83517456054688,0.3333333333333333,0.0
2017-12-28,255.3595428466797,0.0,0.0
2017-12-29,254.39669799804688,0.125,0.0
2018-01-02,256.21746826171875,0.3,0.1
2018-01-03,257.8381042480469,0.14285714285714285,0.0
2018-01-04,258.9248352050781,0.0,0.0
2018-01-05,260.6502990722656,0.3,0.0
2018-01-08,261.1269836425781,0.14285714285714285,0.14285714285714285
2018-01-09,261.718017578125,0.18181818181818182,0.0
2018-01-10,261.3175964355469,0.3333333333333333,0.0
2018-01-11,263.2241516113281,0.0,0.14285714285714285
2018-01-12,264.940185546875,0.0,0.06666666666666667
2018-01-16,264.0345153808594,0.5,0.0
2018-01-17,266.5511474609375,0.14285714285714285,0.0
2018-01-18,266.10321044921875,0.42857142857142855,0.2857142857142857
2018-01-19,267.3138427734375,0.07692307692307693,0.07692307692307693
2018-01-22,269.48736572265625,0.125,0.125
2018-01-23,270.059326171875,0.2,0.4
2018-01-24,269.9544677734375,0.375,0.125
2018-01-25,270.06890869140625,0.08333333333333333,0.0
2018-01-26,273.1956481933594,0.125,0.375
2018-01-29,271.3844299316406,0.3333333333333333,0.0
2018-01-30,268.600830078125,0.16666666666666666,0.16666666666666666
2018-01-31,268.73419189453125,0.0625,0.0625
2018-02-01,268.4292297363281,0.2222222222222222,0.0
2018-02-02,262.58551025390625,0.0,0.09090909090909091
2018-02-05,251.6034698486328,0.08,0.08
2018-02-06,256.5606994628906,0.2,0.2
2018-02-07,255.16885375976562,0.29411764705882354,0.058823529411764705
2018-02-08,245.5977783203125,0.12903225806451613,0.22580645161290322
2018-02-09,249.2870330810547,0.18181818181818182,0.0
2018-02-12,252.94772338867188,0.07692307692307693,0.07692307692307693
2018-02-13,253.5768280029297,0.1111111111111111,0.1111111111111111
2018-02-14,256.99920654296875,0.16666666666666666,0.08333333333333333
2018-02-15,260.27850341796875,0.08333333333333333,0.16666666666666666
2018-02-16,260.3547668457031,0.14285714285714285,0.14285714285714285
2018-02-20,258.72467041015625,0.0,0.0
2018-02-21,257.4377136230469,0.0,0.16666666666666666
2018-02-22,257.7713317871094,0.0,0.2222222222222222
2018-02-23,261.8800354003906,0.3,0.2
2018-02-26,264.92108154296875,0.2727272727272727,0.0
2018-02-27,261.6131591796875,0.1,0.2
2018-02-28,258.96295166015625,0.0,0.1
2018-03-01,255.1974334716797,0.08333333333333333,0.0
2018-03-02,256.5130310058594,0.0,0.16666666666666666
2018-03-05,259.47772216796875,0.26666666666666666,0.13333333333333333
2018-03-06,260.1355285644531,0.1,0.0
2018-03-07,260.04022216796875,0.0,0.0
2018-03-08,261.298583984375,0.1111111111111111,0.0
2018-03-09,265.8457946777344,0.2222222222222222,0.0
2018-03-12,265.51214599609375,0.09090909090909091,0.18181818181818182
2018-03-13,263.7961730957031,0.0,0.125
2018-03-14,262.44244384765625,0.1,0.0
2018-03-15,262.156494140625,0.0,0.3333333333333333
2018-03-16,262.4407958984375,0.14285714285714285,0.14285714285714285
2018-03-19,258.8898620605469,0.14285714285714285,0.2857142857142857
2018-03-20,259.3302001953125,0.13333333333333333,0.06666666666666667
2018-03-21,258.83245849609375,0.0,0.4
2018-03-22,252.3623809814453,0.047619047619047616,0.14285714285714285
2018-03-23,246.9833984375,0.2222222222222222,0.2222222222222222
2018-03-26,253.7406005859375,0.0,0.25
2018-03-27,249.4240264892578,0.23076923076923078,0.07692307692307693
2018-03-28,248.68699645996094,0.15,0.15
2018-03-29,251.8646697998047,0.0,0.2
2018-04-02,246.42825317382812,0.0,0.2222222222222222
2018-04-03,249.58673095703125,0.1111111111111111,0.16666666666666666
2018-04-04,252.257080078125,0.17647058823529413,0.11764705882352941
2018-04-05,254.24789428710938,0.1111111111111111,0.2222222222222222
2018-04-06,248.5817413330078,0.0,0.18181818181818182
2018-04-09,249.8068389892578,0.1111111111111111,0.1111111111111111
2018-04-10,253.7788543701172,0.0,0.2
2018-04-11,252.4485321044922,0.09090909090909091,0.09090909090909091
2018-04-12,254.52545166015625,0.0,0.2
2018-04-13,253.7788543701172,0.5,0.25
2018-04-16,255.86538696289062,0.0,0.0
2018-04-17,258.60272216796875,0.375,0.0
2018-04-18,258.7941589355469,0.2222222222222222,0.1111111111111111
2018-04-19,257.3585205078125,0.3333333333333333,0.1111111111111111
2018-04-20,255.17626953125,0.0,0.09090909090909091
2018-04-23,255.13800048828125,0.5,0.5
2018-04-24,251.70196533203125,0.0,0.2857142857142857
2018-04-25,252.3240509033203,0.08333333333333333,0.0
2018-04-26,254.88916015625,0.125,0.125
2018-04-27,255.12843322753906,0.42857142857142855,0.07142857142857142
2018-04-30,253.1663360595703,0.3,0.1
2018-05-01,253.61618041992188,0.36363636363636365,0.09090909090909091
2018-05-02,251.91253662109375,0.18181818181818182,0.0
2018-05-03,251.35740661621094,0.42857142857142855,0.0
2018-05-04,254.61155700683594,0.07142857142857142,0.07142857142857142
2018-05-07,255.47299194335938,0.3333333333333333,0.0
2018-05-08,255.47299194335938,0.25,0.0
2018-05-09,257.9423828125,0.0,0.0
2018-05-10,260.3542785644531,0.2857142857142857,0.2857142857142857
2018-05-11,261.148681640625,0.0,0.125
2018-05-14,261.2731628417969,0.0,0.16666666666666666
2018-05-15,259.4737548828125,0.1111111111111111,0.1111111111111111
2018-05-16,260.5648498535156,0.1111111111111111,0.2222222222222222
2018-05-17,260.3446960449219,0.0,0.25
2018-05-18,259.6938171386719,0.0,0.25
2018-05-21,261.6463623046875,0.3333333333333333,0.1111111111111111
2018-05-22,260.9189147949219,0.0,0.0
2018-05-23,261.63677978515625,0.0,0.0
2018-05-24,261.1007995605469,0.0,0.06666666666666667
2018-05-25,260.47869873046875,0.16666666666666666,0.0
2018-05-29,257.4828796386719,0.0,0.1
2018-05-30,260.9189147949219,0.07692307692307693,0.0
2018-05-31,259.3205871582031,0.3,0.0
2018-06-01,261.8664855957031,0.0,0.0
2018-06-04,263.1107482910156,0.125,0.125
2018-06-05,263.30218505859375,0.05555555555555555,0.0
2018-06-06,265.5035400390625,0.1111111111111111,0.1111111111111111
2018-06-07,265.474853515625,0.2857142857142857,0.14285714285714285
2018-06-08,266.2596740722656,0.0,0.0
2018-06-11,266.61376953125,0.2,0.0
2018-06-12,266.9584045410156,0.45454545454545453,0.09090909090909091
2018-06-13,266.1065368652344,0.06666666666666667,0.06666666666666667
2018-06-14,266.7764892578125,0.05555555555555555,0.1111111111111111
2018-06-15,266.43621826171875,0.2,0.0
2018-06-18,265.8881530761719,0.2777777777777778,0.05555555555555555
2018-06-19,264.8690490722656,0.15,0.1
2018-06-20,265.3209533691406,0.2,0.1
2018-06-21,263.65771484375,0.23809523809523808,0.047619047619047616
2018-06-22,264.138427734375,0.07692307692307693,0.0
2018-06-25,260.54266357421875,0.15789473684210525,0.10526315789473684
2018-06-26,261.11956787109375,0.2,0.2
2018-06-27,258.95635986328125,0.09090909090909091,0.09090909090909091
2018-06-28,260.4368896484375,0.12,0.08
2018-06-29,260.81195068359375,0.0,0.18181818181818182
2018-07-02,261.3695068359375,0.0,0.0
2018-07-03,260.4465637207031,0.0,0.0
2018-07-05,262.5712585449219,0.075,0.15
2018-07-06,264.7921447753906,0.1111111111111111,0.08333333333333333
2018-07-09,267.1764831542969,0.043478260869565216,0.043478260869565216
2018-07-10,268.1378173828125,0.16666666666666666,0.0625
2018-07-11,266.1766052246094,0.125,0.03125
2018-07-12,268.5897521972656,0.22916666666666666,0.0
2018-07-13,268.8012390136719,0.14285714285714285,0.16666666666666666
2018-07-16,268.5608825683594,0.06818181818181818,0.11363636363636363
2018-07-17,269.64727783203125,0.10416666666666667,0.0625
2018-07-18,270.2145080566406,0.10869565217391304,0.10869565217391304
2018-07-19,269.1954040527344,0.15584415584415584,0.1038961038961039
2018-07-20,268.8877868652344,0.1527777777777778,0.1111111111111111
2018-07-23,269.3877258300781,0.2037037037037037,0.05555555555555555
2018-07-24,270.7433166503906,0.1111111111111111,0.09722222222222222
2018-07-25,273.0506896972656,0.17094017094017094,0.08547008547008547
2018-07-26,272.406494140625,0.1651376146788991,0.11009174311926606
2018-07-27,270.5606384277344,0.11956521739130435,0.08695652173913043
2018-07-30,269.1473693847656,0.10869565217391304,0.18478260869565216
2018-07-31,270.4740905761719,0.21052631578947367,0.06578947368421052
2018-08-01,270.022216796875,0.15,0.1375
2018-08-02,271.49322509765625,0.19753086419753085,0.14814814814814814
2018-08-03,272.656494140625,0.16071428571428573,0.10714285714285714
2018-08-06,273.6563720703125,0.08955223880597014,0.19402985074626866
2018-08-07,274.56005859375,0.1717171717171717,0.13131313131313133
2018-08-08,274.4447326660156,0.08860759493670886,0.10126582278481013
2018-08-09,274.0697937011719,0.06493506493506493,0.12987012987012986
2018-08-10,272.2335205078125,0.07407407407407407,0.12345679012345678
2018-08-13,271.2143859863281,0.11475409836065574,0.11475409836065574
2018-08-14,272.94488525390625,0.06060606060606061,0.10606060606060606
2018-08-15,270.9067687988281,0.11428571428571428,0.17142857142857143
2018-08-16,273.0987854003906,0.14666666666666667,0.08
2018-08-17,274.0601501464844,0.11764705882352941,0.16176470588235295
2018-08-20,274.6466369628906,0.1875,0.020833333333333332
2018-08-21,275.290771484375,0.15254237288135594,0.0847457627118644
2018-08-22,275.1273498535156,0.14754098360655737,0.13114754098360656
2018-08-23,274.7619934082031,0.07575757575757576,0.10606060606060606
2018-08-24,276.4156188964844,0.15789473684210525,0.14473684210526316
2018-08-27,278.5980529785156,0.19736842105263158,0.09210526315789473
2018-08-28,278.7326354980469,0.125,0.125
2018-08-29,280.2324523925781,0.08823529411764706,0.1323529411764706
2018-08-30,279.0979919433594,0.1566265060240964,0.07228915662650602
2018-08-31,279.1075439453125,0.12,0.1
2018-09-04,278.62689208984375,0.26666666666666666,0.1
2018-09-05,277.876953125,0.12371134020618557,0.10309278350515463
2018-09-06,277.0405578613281,0.14666666666666667,0.10666666666666667
2018-09-07,276.5021667480469,0.09375,0.125
2018-09-10,276.98284912109375,0.08695652173913043,0.1956521739130435
2018-09-11,277.89617919921875,0.16417910447761194,0.16417910447761194
2018-09-12,277.9635009765625,0.10227272727272728,0.125
2018-09-13,279.60748291015625,0.07,0.16
2018-09-14,279.65557861328125,0.19480519480519481,0.15584415584415584
2018-09-17,278.17498779296875,0.11842105263157894,0.039473684210526314
2018-09-18,279.6844787597656,0.06493506493506493,0.16883116883116883
2018-09-19,279.9824523925781,0.1326530612244898,0.09183673469387756
2018-09-20,282.2514343261719,0.1414141414141414,0.0707070707070707
2018-09-21,281.9935302734375,0.09230769230769231,0.1076923076923077
2018-09-24,281.0567321777344,0.16129032258064516,0.08064516129032258
2018-09-25,280.7959899902344,0.07792207792207792,0.11688311688311688
2018-09-26,279.9557800292969,0.1625,0.0875
2018-09-27,280.738037109375,0.08035714285714286,0.125
2018-09-28,280.7669677734375,0.08695652173913043,0.16304347826086957
2018-10-01,281.7424621582031,0.10294117647058823,0.10294117647058823
2018-10-02,281.5782165527344,0.11594202898550725,0.10144927536231885
2018-10-03,281.7328186035156,0.2,0.03076923076923077
2018-10-04,279.5307922363281,0.19767441860465115,0.10465116279069768
2018-10-05,277.9662780761719,0.2222222222222222,0.09259259259259259
2018-10-08,277.9662780761719,0.17307692307692307,0.1346153846153846
2018-10-09,277.5606994628906,0.1111111111111111,0.12345679012345678
2018-10-10,268.7722473144531,0.09,0.12
2018-10-11,262.85211181640625,0.15584415584415584,0.14285714285714285
2018-10-12,266.502685546875,0.07142857142857142,0.07142857142857142
2018-10-15,265.0057373046875,0.17543859649122806,0.12280701754385964
2018-10-16,270.8003234863281,0.1896551724137931,0.1206896551724138
2018-10-17,270.8486022949219,0.11764705882352941,0.07352941176470588
2018-10-18,266.937255859375,0.13333333333333333,0.12
2018-10-19,266.79241943359375,0.1568627450980392,0.058823529411764705
2018-10-22,265.59478759765625,0.14545454545454545,0.18181818181818182
2018-10-23,264.2427673339844,0.1375,0.1375
2018-10-24,256.2366027832031,0.13978494623655913,0.12903225806451613
2018-10-25,260.8336181640625,0.16091954022988506,0.20689655172413793
2018-10-26,256.2462463378906,0.13432835820895522,0.14925373134328357
2018-10-29,254.8265838623047,0.07142857142857142,0.14285714285714285
2018-10-30,258.6026916503906,0.10526315789473684,0.17543859649122806
2018-10-31,261.36480712890625,0.0425531914893617,0.14893617021276595
2018-11-01,264.1462097167969,0.14545454545454545,0.09090909090909091
2018-11-02,262.58172607421875,0.14634146341463414,0.21951219512195122
2018-11-05,264.03033447265625,0.15384615384615385,0.038461538461538464
2018-11-06,265.7010803222656,0.1388888888888889,0.1111111111111111
2018-11-07,271.3894348144531,0.11320754716981132,0.05660377358490566
2018-11-08,270.8968811035156,0.1111111111111111,0.16666666666666666
2018-11-09,268.250732421875,0.08695652173913043,0.1956521739130435
2018-11-12,263.2384033203125,0.08620689655172414,0.10344827586206896
2018-11-13,262.745849609375,0.125,0.25
2018-11-14,260.94952392578125,0.16666666666666666,0.125
2018-11-15,263.6729736328125,0.1206896551724138,0.1206896551724138
2018-11-16,264.3586730957031,0.1276595744680851,0.14893617021276595
2018-11-19,259.8871765136719,0.17543859649122806,0.14035087719298245
2018-11-20,255.07769775390625,0.1111111111111111,0.17777777777777778
2018-11-21,255.94686889648438,0.15,0.175
2018-11-23,254.23745727539062,0.09523809523809523,0.16666666666666666
2018-11-26,258.3419494628906,0.1,0.1
2018-11-27,259.2111511230469,0.19607843137254902,0.0392156862745098
2018-11-28,265.1795349121094,0.1875,0.20833333333333334
2018-11-29,264.6001281738281,0.07142857142857142,0.16666666666666666
2018-11-30,266.2129211425781,0.2553191489361702,0.14893617021276595
2018-12-03,269.73797607421875,0.14516129032258066,0.1935483870967742
2018-12-04,260.9978332519531,0.21428571428571427,0.21428571428571427
2018-12-06,260.6018371582031,0.125,0.10714285714285714
2018-12-07,254.5465087890625,0.17647058823529413,0.08823529411764706
2018-12-10,255.02940368652344,0.1276595744680851,0.10638297872340426
2018-12-11,255.0873260498047,0.08620689655172414,0.1206896551724138
2018-12-12,256.37176513671875,0.1206896551724138,0.08620689655172414
2018-12-13,256.28485107421875,0.0392156862745098,0.1568627450980392
2018-12-14,251.55262756347656,0.23404255319148937,0.19148936170212766
2018-12-17,246.6175994873047,0.10526315789473684,0.07894736842105263
2018-12-18,246.34718322753906,0.14545454545454545,0.2545454545454545
2018-12-19,242.65792846679688,0.043478260869565216,0.18840579710144928
2018-12-20,238.70799255371094,0.10204081632653061,0.22448979591836735
2018-12-21,233.81695556640625,0.14705882352941177,0.1323529411764706
2018-12-24,227.63882446289062,0.08620689655172414,0.20689655172413793
2018-12-26,239.14024353027344,0.13043478260869565,0.2463768115942029
2018-12-27,240.97621154785156,0.11475409836065574,0.11475409836065574
2018-12-28,240.66537475585938,0.10344827586206896,0.13793103448275862
2018-12-31,242.7733154296875,0.1388888888888889,0.1388888888888889
2019-01-02,243.02587890625,0.1774193548387097,0.14516129032258066
2019-01-03,237.22659301757812,0.125,0.15625
2019-01-04,245.17266845703125,0.041666666666666664,0.125
2019-01-07,247.10577392578125,0.14285714285714285,0.02857142857142857
2019-01-08,249.42739868164062,0.08620689655172414,0.08620689655172414
2019-01-09,250.59312438964844,0.15625,0.109375
2019-01-10,251.4770965576172,0.027777777777777776,0.1111111111111111
2019-01-11,251.57423400878906,0.03225806451612903,0.16129032258064516
2019-01-14,250.03941345214844,0.13333333333333333,0.1111111111111111
2019-01-15,252.9050750732422,0.26229508196721313,0.08196721311475409
2019-01-16,253.5170135498047,0.07017543859649122,0.07017543859649122
2019-01-17,255.44044494628906,0.10714285714285714,0.05357142857142857
2019-01-18,258.84033203125,0.037037037037037035,0.018518518518518517
2019-01-22,255.34326171875,0.12244897959183673,0.10204081632653061
2019-01-23,255.8775634765625,0.058823529411764705,0.17647058823529413
2019-01-24,256.0135192871094,0.11475409836065574,0.2459016393442623
2019-01-25,258.1797790527344,0.16216216216216217,0.02702702702702703
2019-01-28,256.2175598144531,0.0967741935483871,0.0967741935483871
2019-01-29,255.8775634765625,0.11363636363636363,0.06818181818181818
2019-01-30,259.92828369140625,0.05,0.16666666666666666
2019-01-31,262.21112060546875,0.18840579710144928,0.043478260869565216
2019-02-01,262.3373718261719,0.046511627906976744,0.046511627906976744
2019-02-04,264.18304443359375,0.10256410256410256,0.07692307692307693
2019-02-05,265.2904357910156,0.08108108108108109,0.02702702702702703
2019-02-06,264.9407043457031,0.08108108108108109,0.05405405405405406
2019-02-07,262.4151306152344,0.0975609756097561,0.07317073170731707
2019-02-08,262.73565673828125,0.13513513513513514,0.21621621621621623
2019-02-11,262.8813781738281,0.14814814814814814,0.07407407407407407
2019-02-12,266.2618713378906,0.05660377358490566,0.24528301886792453
2019-02-13,267.1263732910156,0.04878048780487805,0.17073170731707318
2019-02-14,266.5338439941406,0.16923076923076924,0.13846153846153847
2019-02-15,269.4383544921875,0.08823529411764706,0.058823529411764705
2019-02-19,269.9046325683594,0.13513513513513514,0.10810810810810811
2019-02-20,270.4485778808594,0.17142857142857143,0.08571428571428572
2019-02-21,269.4869079589844,0.13043478260869565,0.08695652173913043
2019-02-22,271.15771484375,0.09615384615384616,0.057692307692307696
2019-02-25,271.52685546875,0.16279069767441862,0.13953488372093023
2019-02-26,271.33258056640625,0.13157894736842105,0.13157894736842105
2019-02-27,271.216064453125,0.046511627906976744,0.06976744186046512
2019-02-28,270.7108459472656,0.16666666666666666,0.023809523809523808
2019-03-01,272.401123046875,0.16666666666666666,0.09523809523809523
2019-03-04,271.4103088378906,0.05405405405405406,0.16216216216216217
2019-03-05,271.0411376953125,0.1276595744680851,0.10638297872340426
2019-03-06,269.39947509765625,0.0625,0.1875
2019-03-07,267.14581298828125,0.11904761904761904,0.047619047619047616
2019-03-08,266.611572265625,0.11363636363636363,0.09090909090909091
2019-03-11,270.4777526855469,0.08333333333333333,0.08333333333333333
2019-03-12,271.4976806640625,0.07272727272727272,0.07272727272727272
2019-03-13,273.2947998046875,0.08771929824561403,0.12280701754385964
2019-03-14,273.11993408203125,0.10256410256410256,0.10256410256410256
2019-03-15,274.4693603515625,0.17391304347826086,0.06521739130434782
2019-03-18,275.4645080566406,0.10714285714285714,0.10714285714285714
2019-03-19,275.5328369140625,0.11428571428571428,0.05714285714285714
2019-03-20,274.7034912109375,0.14,0.08
2019-03-21,277.80621337890625,0.1111111111111111,0.13333333333333333
2019-03-22,272.4594421386719,0.06382978723404255,0.2127659574468085
2019-03-25,272.2545471191406,0.14285714285714285,0.2619047619047619
2019-03-26,274.2839660644531,0.14285714285714285,0.02857142857142857
2019-03-27,272.8497009277344,0.21951219512195122,0.14634146341463414
2019-03-28,273.8839416503906,0.1346153846153846,0.09615384615384616
2019-03-29,275.6109313964844,0.1724137931034483,0.10344827586206896
2019-04-01,278.8794250488281,0.14705882352941177,0.14705882352941177
2019-04-02,279.0160217285156,0.09090909090909091,0.1590909090909091
2019-04-03,279.455078125,0.13043478260869565,0.043478260869565216
2019-04-04,280.19659423828125,0.1276595744680851,0.0851063829787234
2019-04-05,281.5528259277344,0.10256410256410256,0.02564102564102564
2019-04-08,281.7674560546875,0.038461538461538464,0.07692307692307693
2019-04-09,280.32342529296875,0.057692307692307696,0.11538461538461539
2019-04-10,281.2796325683594,0.1276595744680851,0.1276595744680851
2019-04-11,281.2015686035156,0.10638297872340426,0.10638297872340426
2019-04-12,283.1041564941406,0.15,0.11666666666666667
2019-04-15,282.91876220703125,0.07692307692307693,0.17307692307692307
2019-04-16,283.1041564941406,0.109375,0.15625
2019-04-17,282.4114074707031,0.10416666666666667,0.14583333333333334
2019-04-18,282.9675598144531,0.0,0.08163265306122448
2019-04-22,283.21142578125,0.16279069767441862,0.09302325581395349
2019-04-23,285.7579650878906,0.18867924528301888,0.11320754716981132
2019-04-24,285.12384033203125,0.10204081632653061,0.14285714285714285
2019-04-25,284.94818115234375,0.1323529411764706,0.058823529411764705
2019-04-26,286.2751159667969,0.10714285714285714,0.017857142857142856
2019-04-29,286.7239074707031,0.058823529411764705,0.1568627450980392
2019-04-30,286.8702697753906,0.0851063829787234,0.1276595744680851
2019-05-01,284.7139892578125,0.10204081632653061,0.08163265306122448
2019-05-02,284.0993347167969,0.15151515151515152,0.09090909090909091
2019-05-03,286.8800048828125,0.15217391304347827,0.08695652173913043
2019-05-06,285.699462890625,0.12307692307692308,0.07692307692307693
2019-05-07,280.9283447265625,0.12121212121212122,0.09090909090909091
2019-05-08,280.5380554199219,0.14473684210526316,0.11842105263157894
2019-05-09,279.68927001953125,0.1044776119402985,0.04477611940298507
2019-05-10,281.0942077636719,0.11320754716981132,0.1320754716981132
2019-05-13,274.0302429199219,0.17391304347826086,0.06521739130434782
2019-05-14,276.50848388671875,0.0851063829787234,0.19148936170212766
2019-05-15,278.12811279296875,0.05172413793103448,0.1206896551724138
2019-05-16,280.7039489746094,0.07317073170731707,0.12195121951219512
2019-05-17,278.88916015625,0.05405405405405406,0.10810810810810811
2019-05-20,277.045166015625,0.09523809523809523,0.09523809523809523
2019-05-21,279.5428771972656,0.09090909090909091,0.045454545454545456
2019-05-22,278.6842956542969,0.2222222222222222,0.05555555555555555
2019-05-23,275.2791748046875,0.1,0.14
2019-05-24,275.9035949707031,0.15384615384615385,0.15384615384615385
2019-05-28,273.3375549316406,0.125,0.1
2019-05-29,271.5032653808594,0.02564102564102564,0.10256410256410256
2019-05-30,272.2447509765625,0.038461538461538464,0.11538461538461539
2019-05-31,268.5762023925781,0.12962962962962962,0.05555555555555555
2019-06-03,267.89324951171875,0.1346153846153846,0.17307692307692307
2019-06-04,273.70831298828125,0.125,0.14583333333333334
2019-06-05,276.0792236328125,0.05454545454545454,0.2545454545454545
2019-06-06,277.87445068359375,0.0847457627118644,0.15254237288135594
2019-06-07,280.6551208496094,0.18309859154929578,0.15492957746478872
2019-06-10,281.9430847167969,0.11320754716981132,0.1320754716981132
2019-06-11,281.8747863769531,0.10204081632653061,0.10204081632653061
2019-06-12,281.377197265625,0.1044776119402985,0.05970149253731343
2019-06-13,282.5382080078125,0.041666666666666664,0.1111111111111111
2019-06-14,282.2260437011719,0.18571428571428572,0.1
2019-06-17,282.3333435058594,0.14893617021276595,0.0851063829787234
2019-06-18,285.2896423339844,0.06779661016949153,0.15254237288135594
2019-06-19,285.9336242675781,0.08333333333333333,0.14583333333333334
2019-06-20,288.6654968261719,0.1095890410958904,0.0410958904109589
2019-06-21,288.24591064453125,0.1836734693877551,0.14285714285714285
2019-06-24,287.8929443359375,0.09090909090909091,0.06818181818181818
2019-06-25,285.0693054199219,0.15217391304347827,0.13043478260869565
2019-06-26,284.7850036621094,0.08928571428571429,0.10714285714285714
2019-06-27,285.7948303222656,0.2682926829268293,0.17073170731707318
2019-06-28,287.26544189453125,0.19047619047619047,0.16666666666666666
2019-07-01,289.8734130859375,0.025,0.05
2019-07-02,290.6283264160156,0.13793103448275862,0.13793103448275862
2019-07-03,292.9519348144531,0.10256410256410256,0.1794871794871795
2019-07-05,292.61859130859375,0.20833333333333334,0.125
2019-07-08,291.0107116699219,0.13333333333333333,0.06666666666666667
2019-07-09,291.37347412109375,0.15625,0.15625
2019-07-10,292.7656555175781,0.1,0.08571428571428572
2019-07-11,293.4519958496094,0.10344827586206896,0.10344827586206896
2019-07-12,294.7657470703125,0.16666666666666666,0.11904761904761904
2019-07-15,294.8638000488281,0.07142857142857142,0.07142857142857142
2019-07-16,293.91278076171875,0.1111111111111111,0.12962962962962962
2019-07-17,291.9127197265625,0.14754098360655737,0.08196721311475409
2019-07-18,292.9813537597656,0.1,0.16666666666666666
2019-07-19,291.3539123535156,0.09090909090909091,0.09090909090909091
2019-07-22,292.069580078125,0.043478260869565216,0.06521739130434782
2019-07-23,294.15789794921875,0.06349206349206349,0.12698412698412698
2019-07-24,295.540283203125,0.06172839506172839,0.1728395061728395
2019-07-25,294.12847900390625,0.1566265060240964,0.13253012048192772
2019-07-26,296.09912109375,0.15873015873015872,0.07936507936507936
2019-07-29,295.55987548828125,0.18518518518518517,0.09259259259259259
2019-07-30,294.8343505859375,0.058823529411764705,0.11764705882352941
2019-07-31,291.6087646484375,0.14814814814814814,0.06172839506172839
2019-08-01,289.0694885253906,0.12857142857142856,0.1
2019-08-02,286.89288330078125,0.08333333333333333,0.21428571428571427
2019-08-05,278.26513671875,0.15384615384615385,0.1282051282051282
2019-08-06,282.167236328125,0.18666666666666668,0.09333333333333334
2019-08-07,282.3339538574219,0.07058823529411765,0.09411764705882353
2019-08-08,287.8733215332031,0.1346153846153846,0.125
2019-08-09,285.9124755859375,0.10810810810810811,0.20270270270270271
2019-08-12,282.4320068359375,0.08974358974358974,0.0641025641025641
2019-08-13,286.82427978515625,0.13043478260869565,0.11956521739130435
2019-08-14,278.3435974121094,0.16551724137931034,0.1310344827586207
2019-08-15,279.0788879394531,0.08490566037735849,0.12264150943396226
2019-08-16,283.19671630859375,0.06944444444444445,0.1111111111111111
2019-08-19,286.60858154296875,0.0945945945945946,0.21621621621621623
2019-08-20,284.4124450683594,0.14705882352941177,0.08823529411764706
2019-08-21,286.72625732421875,0.125,0.13541666666666666
2019-08-22,286.6379699707031,0.14942528735632185,0.08045977011494253
2019-08-23,279.2750244140625,0.10256410256410256,0.1452991452991453
2019-08-26,282.36334228515625,0.19230769230769232,0.08974358974358974
2019-08-27,281.25543212890625,0.17333333333333334,0.08
2019-08-28,283.2359313964844,0.09375,0.078125
2019-08-29,286.85369873046875,0.20930232558139536,0.03488372093023256
2019-08-30,286.72625732421875,0.11940298507462686,0.11940298507462686
2019-09-03,285.0496826171875,0.15384615384615385,0.11538461538461539
2019-09-04,288.2851257324219,0.08045977011494253,0.13793103448275862
2019-09-05,291.99114990234375,0.13580246913580246,0.18518518518518517
2019-09-06,292.2166442871094,0.14285714285714285,0.19047619047619047
2019-09-09,292.36370849609375,0.08771929824561403,0.19298245614035087
2019-09-10,292.2950744628906,0.2459016393442623,0.01639344262295082
2019-09-11,294.37359619140625,0.13095238095238096,0.09523809523809523
2019-09-12,295.3932189941406,0.13636363636363635,0.07954545454545454
2019-09-13,295.1971435546875,0.09433962264150944,0.11320754716981132
2019-09-16,294.28533935546875,0.07936507936507936,0.14285714285714285
2019-09-17,295.03045654296875,0.13559322033898305,0.06779661016949153
2019-09-18,295.2069396972656,0.13636363636363635,0.09090909090909091
2019-09-19,295.18731689453125,0.14035087719298245,0.14035087719298245
2019-09-20,293.7926330566406,0.13636363636363635,0.18181818181818182
2019-09-23,293.7236633300781,0.15789473684210525,0.14035087719298245
2019-09-24,291.41888427734375,0.14285714285714285,0.11428571428571428
2019-09-25,293.1425476074219,0.14754098360655737,0.11475409836065574
2019-09-26,292.5318908691406,0.125,0.125
2019-09-27,290.9559631347656,0.1016949152542373,0.2033898305084746
2019-09-30,292.3053283691406,0.07017543859649122,0.08771929824561403
2019-10-01,288.82843017578125,0.12698412698412698,0.1746031746031746
2019-10-02,283.72637939453125,0.0,0.05172413793103448
2019-10-03,286.0509033203125,0.15625,0.09375
2019-10-04,289.9217529296875,0.1794871794871795,0.1794871794871795
2019-10-07,288.6708679199219,0.06818181818181818,0.13636363636363635
2019-10-08,284.1893310546875,0.08333333333333333,0.21666666666666667
2019-10-09,286.8880920410156,0.06896551724137931,0.15517241379310345
2019-10-10,288.82843017578125,0.061224489795918366,0.20408163265306123
2019-10-11,291.8227233886719,0.109375,0.125
2019-10-14,291.4976806640625,0.075,0.225
2019-10-15,294.38360595703125,0.06896551724137931,0.1896551724137931
2019-10-16,293.91082763671875,0.09259259259259259,0.12962962962962962
2019-10-17,294.777587890625,0.11320754716981132,0.1509433962264151
2019-10-18,293.4873046875,0.10204081632653061,0.10204081632653061
2019-10-21,295.47686767578125,0.19444444444444445,0.1111111111111111
2019-10-22,294.51165771484375,0.08450704225352113,0.11267605633802817
2019-10-23,295.3685607910156,0.13559322033898305,0.03389830508474576
2019-10-24,295.8511962890625,0.16,0.14666666666666667
2019-10-25,297.06268310546875,0.07042253521126761,0.11267605633802817
2019-10-28,298.7370910644531,0.12857142857142856,0.11428571428571428
2019-10-29,298.6484680175781,0.1267605633802817,0.09859154929577464
2019-10-30,299.5644836425781,0.19148936170212766,0.06382978723404255
2019-10-31,298.76666259765625,0.037037037037037035,0.0
2019-11-01,301.5343933105469,0.12121212121212122,0.16666666666666666
2019-11-04,302.7458801269531,0.07317073170731707,0.14634146341463414
2019-11-05,302.4109802246094,0.09401709401709402,0.11965811965811966
2019-11-06,302.47991943359375,0.09774436090225563,0.12030075187969924
2019-11-07,303.5436706542969,0.08653846153846154,0.07692307692307693
2019-11-08,304.2922668457031,0.09803921568627451,0.13725490196078433
2019-11-11,303.7111511230469,0.0958904109589041,0.0958904109589041
2019-11-12,304.3513488769531,0.16666666666666666,0.08888888888888889
2019-11-13,304.4498596191406,0.14285714285714285,0.14285714285714285
2019-11-14,304.89306640625,0.11956521739130435,0.10869565217391304
2019-11-15,307.0993957519531,0.07142857142857142,0.1
2019-11-18,307.3258972167969,0.09090909090909091,0.1038961038961039
2019-11-19,307.2372741699219,0.11,0.16
2019-11-20,306.0947265625,0.13725490196078433,0.12745098039215685
2019-11-21,305.60223388671875,0.18181818181818182,0.13636363636363635
2019-11-22,306.2818908691406,0.12213740458015267,0.04580152671755725
2019-11-25,308.6556091308594,0.13157894736842105,0.06578947368421052
2019-11-26,309.35491943359375,0.12345679012345678,0.04938271604938271
2019-11-27,310.7338562011719,0.13432835820895522,0.1044776119402985
2019-11-29,309.5814514160156,0.06666666666666667,0.08888888888888889
2019-12-02,306.9516906738281,0.15384615384615385,0.08974358974358974
2019-12-03,304.89306640625,0.056338028169014086,0.14084507042253522
2019-12-04,306.7743225097656,0.10588235294117647,0.09411764705882353
2019-12-05,307.3258972167969,0.09574468085106383,0.13829787234042554
2019-12-06,310.133056640625,0.12727272727272726,0.05454545454545454
2019-12-09,309.157958984375,0.0967741935483871,0.06451612903225806
2019-12-10,308.813232421875,0.0821917808219178,0.0684931506849315
2019-12-11,309.6898498535156,0.12962962962962962,0.1111111111111111
2019-12-12,312.35906982421875,0.18055555555555555,0.16666666666666666
2019-12-13,312.54620361328125,0.11290322580645161,0.0967741935483871
2019-12-16,314.6933898925781,0.058823529411764705,0.10294117647058823
2019-12-17,314.7623596191406,0.09859154929577464,0.07042253521126761
2019-12-18,314.78204345703125,0.09333333333333334,0.06666666666666667
2019-12-19,316.07232666015625,0.0851063829787234,0.1702127659574468
2019-12-20,317.4580383300781,0.1111111111111111,0.08888888888888889
2019-12-23,317.94305419921875,0.11320754716981132,0.11320754716981132
2019-12-24,317.9529724121094,0.1111111111111111,0.1111111111111111
2019-12-26,319.6455078125,0.15625,0.078125
2019-12-27,319.5662841796875,0.08928571428571429,0.14285714285714285
2019-12-30,317.804443359375,0.1111111111111111,0.044444444444444446
2019-12-31,318.5765075683594,0.1076923076923077,0.06153846153846154
2020-01-02,321.5557861328125,0.10588235294117647,0.09411764705882353
2020-01-03,319.12091064453125,0.13761467889908258,0.11009174311926606
2020-01-06,320.33837890625,0.16049382716049382,0.04938271604938271
2020-01-07,319.4376525878906,0.13157894736842105,0.17543859649122806
2020-01-08,321.1401062011719,0.10483870967741936,0.11290322580645161
2020-01-09,323.317626953125,0.12631578947368421,0.09473684210526316
2020-01-10,322.38720703125,0.2,0.09333333333333334
2020-01-13,324.6044006347656,0.1258741258741259,0.1048951048951049
2020-01-14,324.1094970703125,0.1450381679389313,0.1297709923664122
2020-01-15,324.8419189453125,0.152,0.104
2020-01-16,327.5440979003906,0.2153846153846154,0.06153846153846154
2020-01-17,328.5635986328125,0.08955223880597014,0.05223880597014925
2020-01-21,327.92022705078125,0.1095890410958904,0.0684931506849315
2020-01-22,327.9598083496094,0.16083916083916083,0.11888111888111888
2020-01-23,328.3359375,0.15037593984962405,0.07518796992481203
2020-01-24,325.416015625,0.14788732394366197,0.14788732394366197
2020-01-27,320.1997985839844,0.14285714285714285,0.1111111111111111
2020-01-28,323.5552062988281,0.14035087719298245,0.08771929824561403
2020-01-29,323.2879333496094,0.1881720430107527,0.11290322580645161
2020-01-30,324.3371276855469,0.14285714285714285,0.1330049261083744
2020-01-31,318.4478454589844,0.1282051282051282,0.09230769230769231
2020-02-03,320.8134460449219,0.11458333333333333,0.11458333333333333
2020-02-04,325.70306396484375,0.17613636363636365,0.09943181818181818
2020-02-05,329.46429443359375,0.1602787456445993,0.08013937282229965
2020-02-06,330.5728759765625,0.15734265734265734,0.11888111888111888
2020-02-07,328.81103515625,0.16260162601626016,0.12601626016260162
2020-02-10,331.2657165527344,0.16901408450704225,0.08450704225352113
2020-02-11,331.8398132324219,0.19435736677115986,0.07210031347962383
2020-02-12,333.977783203125,0.19047619047619047,0.07482993197278912
2020-02-13,333.6214294433594,0.11475409836065574,0.09016393442622951
2020-02-14,334.15594482421875,0.1510204081632653,0.09795918367346938
2020-02-18,333.2947998046875,0.16149068322981366,0.09006211180124224
2020-02-19,334.8883972167969,0.13370473537604458,0.07242339832869081
2020-02-20,333.5125732421875,0.16766467065868262,0.04590818363273453
2020-02-21,330.0779724121094,0.17493472584856398,0.09138381201044386
2020-02-24,319.1308288574219,0.15873015873015872,0.11904761904761904
2020-02-25,309.46044921875,0.16260162601626016,0.14634146341463414
2020-02-26,308.32220458984375,0.1206140350877193,0.10526315789473684
2020-02-27,294.47491455078125,0.09206798866855524,0.19263456090651557
2020-02-28,293.2377014160156,0.09576138147566719,0.16483516483516483
2020-03-02,305.936767578125,0.0677361853832442,0.10695187165775401
2020-03-03,297.17706298828125,0.08490566037735849,0.12452830188679245
2020-03-04,309.6683044433594,0.08944954128440367,0.1444954128440367
2020-03-05,299.3744201660156,0.0958904109589041,0.136986301369863
2020-03-06,294.4254150390625,0.08373205741626795,0.16985645933014354
2020-03-09,271.43243408203125,0.09896602658788774,0.16691285081240767
2020-03-10,285.4776916503906,0.08849557522123894,0.16283185840707964
2020-03-11,271.5610656738281,0.0838235294117647,0.18676470588235294
2020-03-12,245.57888793945312,0.09432234432234432,0.18864468864468864
2020-03-13,266.572509765625,0.08993576017130621,0.20342612419700215
2020-03-16,237.4031524658203,0.09734513274336283,0.15339233038348082
2020-03-17,250.22103881835938,0.09617755856966707,0.17755856966707767
2020-03-18,237.55162048339844,0.1012396694214876,0.1518595041322314
2020-03-19,238.056396484375,0.1109865470852018,0.17600896860986548
2020-03-20,227.7975616455078,0.09974093264248704,0.15155440414507773
2020-03-23,221.9731903076172,0.1166429587482219,0.16073968705547653
2020-03-24,242.08468627929688,0.11028315946348734,0.17585692995529062
2020-03-25,245.70872497558594,0.0804093567251462,0.14912280701754385
2020-03-26,260.05560302734375,0.06588579795021962,0.1698389458272328
2020-03-27,252.3096923828125,0.07590132827324478,0.19165085388994307
2020-03-30,260.5036315917969,0.1232876712328767,0.16666666666666666
2020-03-31,256.6207275390625,0.06753246753246753,0.22337662337662337
2020-04-01,245.071533203125,0.09565217391304348,0.11304347826086956
2020-04-02,250.72665405273438,0.08780487804878048,0.14390243902439023
2020-04-03,247.1026153564453,0.07027027027027027,0.21621621621621623
2020-04-06,263.6995544433594,0.08521303258145363,0.20050125313283207
2020-04-07,263.9683837890625,0.09385113268608414,0.1488673139158576
2020-04-08,272.8293762207031,0.0824524312896406,0.1226215644820296
2020-04-09,276.98114013671875,0.09109311740890688,0.14777327935222673
2020-04-13,274.4522399902344,0.096,0.15466666666666667
2020-04-14,282.546630859375,0.12300683371298406,0.13211845102505695
2020-04-15,276.5430603027344,0.11566265060240964,0.1493975903614458
2020-04-16,277.877197265625,0.10059171597633136,0.14595660749506903
2020-04-17,285.3841552734375,0.08275862068965517,0.16551724137931034
2020-04-20,280.35626220703125,0.15313653136531366,0.11623616236162361
2020-04-21,271.84375,0.15130023640661938,0.1276595744680851
2020-04-22,277.877197265625,0.15211267605633802,0.15211267605633802
2020-04-23,277.85723876953125,0.10886075949367088,0.12151898734177215
2020-04-24,281.730224609375,0.10299003322259136,0.12956810631229235
2020-04-27,285.7923278808594,0.11494252873563218,0.1235632183908046
2020-04-28,284.4781494140625,0.16569767441860464,0.09593023255813954
2020-04-29,291.92535400390625,0.14814814814814814,0.09803921568627451
2020-04-30,289.20733642578125,0.128686327077748,0.1260053619302949
2020-05-01,281.551025390625,0.05952380952380952,0.10952380952380952
2020-05-04,282.3276062011719,0.16791044776119404,0.13805970149253732
2020-05-05,284.9361267089844,0.09688581314878893,0.10726643598615918
2020-05-06,283.0046081542969,0.12462908011869436,0.1394658753709199
2020-05-07,286.4195861816406,0.1272264631043257,0.10178117048346055
2020-05-08,291.1587219238281,0.1396011396011396,0.1225071225071225
2020-05-11,291.2184753417969,0.11805555555555555,0.09375
2020-05-12,285.4140319824219,0.16611295681063123,0.09634551495016612
2020-05-13,280.3662414550781,0.145985401459854,0.08759124087591241
2020-05-14,283.7214660644531,0.11301369863013698,0.11643835616438356
2020-05-15,285.0257263183594,0.12393162393162394,0.1111111111111111
2020-05-18,293.70751953125,0.12790697674418605,0.12790697674418605
2020-05-19,290.6907958984375,0.10231023102310231,0.132013201320132
2020-05-20,295.6290588378906,0.1411042944785276,0.13803680981595093
2020-05-21,293.5880432128906,0.1503267973856209,0.11764705882352941
2020-05-22,294.1455993652344,0.1450980392156863,0.12156862745098039
2020-05-26,297.7696228027344,0.11494252873563218,0.11494252873563218
2020-05-27,302.20013427734375,0.2032258064516129,0.08709677419354839
2020-05-28,301.6426086425781,0.11151079136690648,0.11510791366906475
2020-05-29,302.9866943359375,0.12735849056603774,0.09905660377358491
2020-06-01,304.2112731933594,0.13076923076923078,0.12307692307692308
2020-06-02,306.7301940917969,0.15808823529411764,0.13602941176470587
2020-06-03,310.8122253417969,0.16417910447761194,0.08955223880597014
2020-06-04,309.9958190917969,0.17177914110429449,0.08282208588957055
2020-06-05,317.9408874511719,0.125,0.0857843137254902
2020-06-08,321.7839660644531,0.10980392156862745,0.14705882352941177
2020-06-09,319.384521484375,0.17286245353159851,0.06505576208178439
2020-06-10,317.60235595703125,0.1467116357504216,0.10961214165261383
2020-06-11,299.2929382324219,0.08835341365461848,0.14457831325301204
2020-06-12,302.8771667480469,0.0946969696969697,0.14015151515151514
2020-06-15,305.7047119140625,0.10633946830265849,0.12269938650306748
2020-06-16,311.58880615234375,0.1292517006802721,0.09297052154195011
2020-06-17,310.2945251464844,0.10829493087557604,0.11290322580645161
2020-06-18,310.41400146484375,0.09795918367346938,0.09183673469387756
2020-06-19,308.6400146484375,0.09785202863961814,0.10739856801909307
2020-06-22,310.6199951171875,0.11707317073170732,0.12926829268292683
2020-06-23,312.04998779296875,0.15654952076677317,0.07028753993610223
2020-06-24,304.0899963378906,0.08108108108108109,0.14114114114114115
2020-06-25,307.3500061035156,0.12759643916913946,0.08902077151335312
2020-06-26,300.04998779296875,0.10179640718562874,0.11976047904191617
2020-06-29,304.4599914550781,0.12457912457912458,0.12457912457912458
2020-06-30,308.3599853515625,0.11875,0.09375
2020-07-01,310.5199890136719,0.12237762237762238,0.0979020979020979
2020-07-02,312.2300109863281,0.15120274914089346,0.07560137457044673
2020-07-06,317.04998779296875,0.159375,0.09375
2020-07-07,313.7799987792969,0.15614617940199335,0.07973421926910298
2020-07-08,316.17999267578125,0.10810810810810811,0.09121621621621621
2020-07-09,314.3800048828125,0.11272727272727273,0.10181818181818182
