date,sentiment score,spy
2018-08-10,-10.9298,272.2335205078125
2018-08-15,-17.128699999999995,270.9067687988281
2018-08-20,-0.6068000000000006,274.6466369628906
2018-08-23,5.141799999999999,274.7619934082031
2018-08-27,-2.665300000000002,278.5980529785156
2018-08-28,3.6540999999999997,278.7326354980469
2018-08-29,6.743399999999999,280.2324523925781
2018-09-04,10.739800000000004,278.62689208984375
2018-09-05,-18.230900000000013,277.876953125
2018-09-07,-9.257999999999992,276.5021667480469
2018-09-10,-9.1719,276.98284912109375
2018-09-11,-0.8914999999999973,277.89617919921875
2018-09-12,-1.8447000000000005,277.9635009765625
2018-09-13,1.1065000000000005,279.60748291015625
2018-09-14,5.1804999999999986,279.65557861328125
2018-09-18,-15.260699999999991,279.6844787597656
2018-09-20,4.1909000000000045,282.2514343261719
2018-09-21,-7.0205999999999955,281.9935302734375
2018-09-24,7.044400000000001,281.0567321777344
2018-09-25,12.593100000000005,280.7959899902344
2018-09-26,-11.110800000000001,279.9557800292969
2018-09-27,-2.197599999999997,280.738037109375
2018-09-28,1.0218999999999976,280.7669677734375
2018-10-02,-11.569499999999987,281.5782165527344
2018-10-03,-20.458299999999973,281.7328186035156
2018-10-04,-17.461399999999976,279.5307922363281
2018-10-05,-10.361700000000006,277.9662780761719
2018-10-08,-22.369099999999996,277.9662780761719
2018-10-09,-22.024000000000015,277.5606994628906
2018-10-11,-16.383399999999988,262.85211181640625
2018-10-12,-4.569599999999995,266.502685546875
2018-10-16,4.762800000000002,270.8003234863281
2018-10-17,-7.777499999999998,270.8486022949219
2018-10-18,-42.94290000000004,266.937255859375
2018-10-19,-22.097499999999986,266.79241943359375
2018-10-22,-1.4997000000000016,265.59478759765625
2018-10-23,-26.314199999999996,264.2427673339844
2018-10-24,-19.91370000000002,256.2366027832031
2018-10-25,-14.57329999999999,260.8336181640625
2018-10-29,-9.9982,254.8265838623047
2018-10-30,-12.284999999999986,258.6026916503906
2018-10-31,-5.101099999999999,261.36480712890625
2018-11-05,-2.1041999999999974,264.03033447265625
2018-11-06,5.000499999999999,265.7010803222656
2018-11-07,15.185900000000004,271.3894348144531
2018-11-09,-21.615099999999998,268.250732421875
2018-11-13,0.9848000000000066,262.745849609375
2018-11-15,-17.167800000000007,263.6729736328125
2018-11-16,-16.25609999999999,264.3586730957031
2018-11-20,-30.741900000000008,255.07769775390625
2018-11-21,-17.68249999999999,255.94686889648438
2018-11-23,-12.557499999999996,254.23745727539062
2018-11-27,3.0145000000000013,259.2111511230469
2018-11-29,-2.5252999999999863,264.6001281738281
2018-11-30,-3.502299999999998,266.2129211425781
2018-12-03,-3.8216999999999977,269.73797607421875
2018-12-07,9.202500000000002,254.5465087890625
2018-12-10,-22.763800000000007,255.02940368652344
2018-12-11,-11.675499999999992,255.0873260498047
2018-12-12,-6.562699999999998,256.37176513671875
2018-12-17,-14.275400000000001,246.6175994873047
2018-12-18,-0.020299999999999818,246.34718322753906
2018-12-19,-13.745999999999992,242.65792846679688
2018-12-21,-5.686899999999996,233.81695556640625
2018-12-24,6.735199999999998,227.63882446289062
2018-12-26,-19.862500000000004,239.14024353027344
2018-12-28,-16.231900000000003,240.66537475585938
2019-01-02,-14.372500000000006,243.02587890625
2019-01-03,4.181700000000001,237.22659301757812
2019-01-04,-4.994099999999997,245.17266845703125
2019-01-07,-5.249699999999998,247.10577392578125
2019-01-08,-4.028999999999999,249.42739868164062
2019-01-09,4.726799999999998,250.59312438964844
2019-01-11,-7.454099999999998,251.57423400878906
2019-01-14,-17.48960000000001,250.03941345214844
2019-01-17,-4.056099999999989,255.44044494628906
2019-01-18,1.6777000000000077,258.84033203125
2019-01-23,-5.694800000000002,255.8775634765625
2019-01-24,-6.855099999999997,256.0135192871094
2019-01-25,-16.71419999999998,258.1797790527344
2019-01-28,-20.839099999999984,256.2175598144531
2019-01-29,0.07200000000000051,255.8775634765625
2019-02-04,16.266399999999997,264.18304443359375
2019-02-05,-5.9919,265.2904357910156
2019-02-06,-3.5099999999999985,264.9407043457031
2019-02-07,-5.955999999999991,262.4151306152344
2019-02-08,-13.630999999999977,262.73565673828125
2019-02-11,-21.06199999999999,262.8813781738281
2019-02-12,4.819100000000002,266.2618713378906
2019-02-13,7.243599999999999,267.1263732910156
2019-02-14,-10.943699999999998,266.5338439941406
2019-02-15,21.4154,269.4383544921875
2019-02-19,0.7867000000000031,269.9046325683594
2019-02-20,-9.01159999999999,270.4485778808594
2019-02-21,-20.347699999999996,269.4869079589844
2019-02-22,-0.3808999999999998,271.15771484375
2019-02-25,11.999600000000003,271.52685546875
2019-02-26,-17.165199999999984,271.33258056640625
2019-03-01,-5.238500000000007,272.401123046875
2019-03-04,6.6248,271.4103088378906
2019-03-05,-6.406599999999998,271.0411376953125
2019-03-11,1.1770999999999996,270.4777526855469
2019-03-12,-1.3763999999999972,271.4976806640625
2019-03-14,-8.975699999999998,273.11993408203125
2019-03-15,12.791400000000005,274.4693603515625
2019-03-18,8.472800000000003,275.4645080566406
2019-03-19,9.57430000000001,275.5328369140625
2019-03-20,-12.685,274.7034912109375
2019-03-21,-12.512799999999995,277.80621337890625
2019-03-22,1.985400000000001,272.4594421386719
2019-03-26,1.2504999999999995,274.2839660644531
2019-03-27,-2.1195999999999984,272.8497009277344
2019-03-29,-5.362799999999998,275.6109313964844
2019-04-02,-4.1613,279.0160217285156
2019-04-03,11.7422,279.455078125
2019-04-04,17.24000000000001,280.19659423828125
2019-04-11,-2.7594999999999965,281.2015686035156
2019-04-16,8.090499999999993,283.1041564941406
2019-04-18,4.195499999999999,282.9675598144531
2019-04-24,-6.9639000000000015,285.12384033203125
2019-04-25,19.64869999999999,284.94818115234375
2019-04-26,-5.6984,286.2751159667969
2019-04-30,-1.022600000000002,286.8702697753906
2019-05-01,-17.070499999999992,284.7139892578125
2019-05-02,-6.854099999999997,284.0993347167969
2019-05-03,7.976100000000002,286.8800048828125
2019-05-06,-1.6041999999999992,285.699462890625
2019-05-08,4.164500000000002,280.5380554199219
2019-05-14,-8.077299999999996,276.50848388671875
2019-05-15,-37.47180000000002,278.12811279296875
2019-05-16,2.694200000000004,280.7039489746094
2019-05-17,4.494899999999998,278.88916015625
2019-05-21,-15.789300000000004,279.5428771972656
2019-05-24,-16.003299999999996,275.9035949707031
2019-05-30,-6.6551,272.2447509765625
2019-05-31,-13.690400000000004,268.5762023925781
2019-06-05,-28.54489999999998,276.0792236328125
2019-06-06,-8.973600000000001,277.87445068359375
2019-06-07,-6.679400000000002,280.6551208496094
2019-06-18,0.9831999999999976,285.2896423339844
2019-06-21,-8.2225,288.24591064453125
2019-06-25,-12.806599999999998,285.0693054199219
2019-06-26,-6.809999999999994,284.7850036621094
2019-06-28,-1.9620000000000013,287.26544189453125
2019-07-02,-4.835499999999998,290.6283264160156
2019-07-10,10.435400000000007,292.7656555175781
2019-07-11,-6.454699999999995,293.4519958496094
2019-07-15,7.918300000000002,294.8638000488281
2019-07-16,-16.239,293.91278076171875
2019-07-17,-1.1657000000000017,291.9127197265625
2019-07-22,-0.716499999999997,292.069580078125
2019-07-23,11.7525,294.15789794921875
2019-07-24,3.655900000000006,295.540283203125
2019-07-25,-11.780599999999996,294.12847900390625
2019-07-26,4.1800000000000015,296.09912109375
2019-07-30,10.257,294.8343505859375
2019-07-31,-11.192400000000001,291.6087646484375
2019-08-08,8.427699999999998,287.8733215332031
2019-08-09,-10.012100000000002,285.9124755859375
2019-08-15,-8.924799999999996,279.0788879394531
2019-08-19,-1.3453999999999982,286.60858154296875
2019-08-20,-18.569099999999988,284.4124450683594
2019-08-22,-0.6745999999999993,286.6379699707031
2019-08-26,-0.5368000000000059,282.36334228515625
2019-08-28,-11.691299999999986,283.2359313964844
2019-09-03,-16.40029999999999,285.0496826171875
2019-09-04,2.743499999999998,288.2851257324219
2019-09-05,7.847499999999998,291.99114990234375
2019-09-06,-17.234399999999997,292.2166442871094
2019-09-10,-7.5865,292.2950744628906
2019-09-11,5.977100000000009,294.37359619140625
2019-09-13,-33.65259999999998,295.1971435546875
2019-09-17,-17.117099999999994,295.03045654296875
2019-09-18,-15.13509999999999,295.2069396972656
2019-09-19,-3.0955999999999957,295.18731689453125
2019-09-20,-14.067399999999996,293.7926330566406
2019-09-23,0.8969000000000047,293.7236633300781
2019-09-26,-10.815799999999998,292.5318908691406
2019-10-04,-8.500099999999989,289.9217529296875
2019-10-08,-0.35180000000000144,284.1893310546875
2019-10-10,-20.45059999999999,288.82843017578125
2019-10-11,7.245299999999999,291.8227233886719
2019-10-16,-22.10899999999998,293.91082763671875
2019-10-18,0.10450000000000018,293.4873046875
2019-10-25,-13.104800000000017,297.06268310546875
2019-10-29,7.537799999999997,298.6484680175781
2019-11-05,-16.5733,302.4109802246094
2019-11-06,6.020899999999999,302.47991943359375
2019-11-07,-3.1828999999999956,303.5436706542969
2019-11-13,-9.125799999999996,304.4498596191406
2019-11-15,-2.3989000000000003,307.0993957519531
2019-11-18,9.607900000000003,307.3258972167969
2019-11-19,3.5483,307.2372741699219
2019-11-20,-12.201600000000003,306.0947265625
2019-11-21,-11.517099999999992,305.60223388671875
2019-11-22,-5.088399999999998,306.2818908691406
2019-11-29,11.21510000000001,309.5814514160156
2019-12-10,-13.245600000000001,308.813232421875
2019-12-12,10.4144,312.35906982421875
2019-12-23,7.839200000000002,317.94305419921875
2019-12-24,15.5032,317.9529724121094
2019-12-26,-5.2238999999999995,319.6455078125
2019-12-27,-1.787899999999997,319.5662841796875
2019-12-31,5.637800000000004,318.5765075683594
2020-01-02,12.2399,321.5557861328125
2020-01-03,-19.171399999999988,319.12091064453125
2020-01-06,2.820400000000001,320.33837890625
2020-01-08,-8.104000000000003,321.1401062011719
2020-01-14,12.923200000000001,324.1094970703125
2020-01-15,21.939100000000003,324.8419189453125
2020-01-16,5.0428000000000015,327.5440979003906
2020-01-17,10.649200000000004,328.5635986328125
2020-01-21,-5.466799999999997,327.92022705078125
2020-01-23,-10.701500000000003,328.3359375
2020-01-24,-27.80200000000001,325.416015625
2020-01-28,5.5893000000000015,323.5552062988281
2020-01-30,-24.195399999999985,324.3371276855469
2020-01-31,-20.057200000000005,318.4478454589844
2020-02-04,-3.197299999999997,325.70306396484375
2020-02-05,-5.235700000000004,329.46429443359375
2020-02-10,8.6568,331.2657165527344
2020-02-12,4.7422,333.977783203125
2020-02-14,-12.581599999999998,334.15594482421875
2020-02-18,4.278399999999998,333.2947998046875
2020-02-19,2.548100000000001,334.8883972167969
2020-02-24,-28.826499999999996,319.1308288574219
2020-02-26,-23.807499999999997,308.32220458984375
2020-02-27,-33.38190000000004,294.47491455078125
2020-03-03,-42.44720000000005,297.17706298828125
2020-03-06,-5.7303,294.4254150390625
2020-03-10,-11.452699999999991,285.4776916503906
2020-03-11,-28.63580000000001,271.5610656738281
2020-03-12,-11.224999999999994,245.57888793945312
2020-03-13,-5.46489999999999,266.572509765625
2020-03-16,-4.357399999999998,237.4031524658203
2020-03-23,-31.211099999999973,221.9731903076172
2020-03-30,-43.085700000000024,260.5036315917969
2020-03-31,-20.012099999999993,256.6207275390625
2020-04-01,-7.7054999999999865,245.071533203125
2020-04-02,-33.20559999999998,250.72665405273438
2020-04-06,-14.789099999999998,263.6995544433594
2020-04-13,-8.2905,274.4522399902344
2020-04-14,-27.643199999999993,282.546630859375
2020-04-15,-13.711399999999982,276.5430603027344
2020-04-16,-19.58319999999999,277.877197265625
2020-04-17,-8.984399999999999,285.3841552734375
2020-04-20,-1.9482999999999984,280.35626220703125
2020-04-21,-6.293200000000004,271.84375
2020-04-24,-25.278100000000006,281.730224609375
2020-04-27,-12.915599999999987,285.7923278808594
2020-04-28,-24.246599999999987,284.4781494140625
2020-04-30,-13.810599999999985,289.20733642578125
2020-05-04,-12.297199999999982,282.3276062011719
2020-05-05,-24.070799999999974,284.9361267089844
2020-05-07,-20.331200000000006,286.4195861816406
2020-05-08,-17.380699999999994,291.1587219238281
2020-05-12,4.213599999999993,285.4140319824219
2020-05-13,-19.687700000000003,280.3662414550781
2020-05-14,-31.742300000000004,283.7214660644531
2020-05-18,10.960300000000007,293.70751953125
2020-05-19,6.858700000000006,290.6907958984375
2020-05-20,-13.346399999999981,295.6290588378906
2020-05-21,-28.5462,293.5880432128906
2020-05-22,-20.706199999999992,294.1455993652344
2020-05-26,-0.8893999999999972,297.7696228027344
2020-05-27,-8.4164,302.20013427734375
2020-05-28,-30.429999999999996,301.6426086425781
2020-06-01,14.974800000000002,304.2112731933594
2020-06-02,12.769800000000007,306.7301940917969
2020-06-03,-12.377099999999993,310.8122253417969
2020-06-04,4.138499999999997,309.9958190917969
2020-06-05,15.180699999999995,317.9408874511719
2020-06-08,20.39280000000001,321.7839660644531
2020-06-09,-2.061399999999999,319.384521484375
2020-06-10,-23.264099999999996,317.60235595703125
2020-06-11,-9.948699999999999,299.2929382324219
2020-06-12,-12.5259,302.8771667480469
2020-06-16,-0.9210999999999975,311.58880615234375
2020-06-19,-18.007699999999986,308.6400146484375
2020-06-23,-2.6023999999999963,312.04998779296875
2020-06-24,-11.615300000000003,304.0899963378906
2020-06-30,-24.204500000000024,308.3599853515625
2020-07-07,6.732800000000004,313.7799987792969
2020-07-08,-1.6479999999999957,316.17999267578125
2020-07-09,10.482400000000004,314.3800048828125
